Table / View,Children,Parents,Columns,Type,Comments
_sequence_generator,0,0,6,Table,
AccumLock,0,0,3,Table,
AccumRebuildParamSet,0,0,19,Table,
ace_error_def_master,0,0,8,Table,
ace_error_msg_master,0,0,4,Table,
ace_error_result,0,0,6,Table,
AddAggStopLossReport,0,2,7,Table,
Address1099,0,1,13,Table,
AdjClaimsCheckAccDtl,0,0,17,Table,
AdjExtRsnCodes,0,2,8,Table,
AdjLogicBCASeq,0,0,4,Table,
AdjLogicBCRSeq,0,0,4,Table,
AdjLogicChangeHistory,0,0,16,Table,
AdjLogicCPGSeq,0,0,4,Table,
AdjLogicDENSeq,0,0,4,Table,
AdjLogicImportErrors,0,0,7,Table,
AdjLogicImports,0,0,11,Table,
AdjLogicRuleSet,0,0,10,Table,
AdjLogicSequences,0,0,4,Table,
AdjLogicSLGSeq,0,0,4,Table,
AdjModifySLFlags,0,2,46,Table,
AdjNotes,0,0,10,Table,
AdjOverridesFlags,0,1,45,Table,
AdjPricingResServLine,0,1,179,Table,
AdjPricingResult,0,0,291,Table,
AdjPricResServLineOthInfo,0,0,115,Table,
AdjResAlternatePayee,0,1,15,Table,
AdjResAuthAccumDet,0,2,14,Table,
AdjResAuthorization,0,1,8,Table,
AdjResBenAccumDet,0,2,54,Table,
AdjResCptCodes,0,2,7,Table,
AdjResDiagPointers,0,2,8,Table,
AdjResDupClaimInfo,1,1,9,Table,
AdjResDupSLInfo,0,1,9,Table,
AdjResExAccumDet,0,2,14,Table,
AdjResExcepCodes,0,2,10,Table,
AdjResFudClaims,0,2,8,Table,
AdjResITSDet,0,0,17,Table,
AdjResNegotiatorOrigLines,0,0,12,Table,
AdjResPendRsnCode,0,2,10,Table,
AdjResPMCSDtl,0,0,25,Table,
AdjResPMCSLineDtl,0,0,10,Table,
AdjResServLine,30,1,230,Table,
AdjResServLineEditDetails,0,0,10,Table,
AdjResServLineOthAdjInfo,0,0,115,Table,
AdjResServLinePBFlags,0,0,28,Table,
AdjudicationBRules,0,1,23,Table,
AdjudicationPRules,0,1,48,Table,
AdjudicationResult,16,0,442,Table,
AdjustmentDetails,0,7,60,Table,
Adjustments,1,3,9,Table,
AdmcheckRfndDetails,0,1,9,Table,
AdpAneCswkTbl1,0,0,8,Table,
AdpAneGeoFctTbl4,0,0,13,Table,
AdpAneProcTbl5,0,0,8,Table,
AdpAneRvTbl3,0,0,10,Table,
AdpAneZip5Digit,0,0,10,Table,
AdpAneZipTbl2,0,0,12,Table,
AdpDntGeoFctTbl3,0,0,17,Table,
AdpDntProcCodeTbl4,0,0,8,Table,
AdpDntRvTbl2,0,0,10,Table,
AdpDntZip5Digit,0,0,10,Table,
AdpDntZipTbl1,0,0,12,Table,
AdpHcpcsGeoFctTbl3,0,0,17,Table,
AdpHcpcsProcTbl4,0,0,8,Table,
AdpHcpcsRvTbl2,0,0,10,Table,
AdpHcpcsZip5Digit,0,0,10,Table,
AdpHcpcsZipTbl1,0,0,12,Table,
AdpMedGeoFctTbl3,0,0,17,Table,
AdpMedProcCodeTbl4,0,0,8,Table,
AdpMedRvTbl2,0,0,10,Table,
AdpMedZip5Digit,0,0,10,Table,
AdpMedZipTbl1,0,0,12,Table,
AdpOpfGeoFctTbl3,0,0,17,Table,
AdpOpfProcDescTbl4,0,0,8,Table,
AdpOpfRvTbl2,0,0,11,Table,
AdpOpfZip5Digit,0,0,10,Table,
AdpOpfZipTbl1,0,0,12,Table,
AdpRbrvsFctTbl5,0,0,7,Table,
AdpRbrvsGpciTbl3,0,0,11,Table,
AdpRbrvsProcTbl4,0,0,7,Table,
AdpRbrvsRvTbl2,0,0,15,Table,
AdpRbrvsRvTbl6,0,0,17,Table,
AdpRbrvsZipTbl1,0,0,10,Table,
AdvancedMenu,0,0,7,Table,
AffiliatedCallTypeGroup,0,0,5,Table,
AffiliatedCustomerType,0,0,5,Table,
AgeBandedAmtPercentage,0,2,9,Table,
AgeEditPlanRules,0,1,10,Table,
AgentStacking,0,0,8,Table,
AgentStackingCommission,0,0,16,Table,
AggCntrAttcFactor,0,2,10,Table,
AggCntrCategoryExcl,0,2,5,Table,
AggCntrDepStatCode,0,2,6,Table,
AggCntrEmpStatCode,0,2,6,Table,
AggCntrIncPaidDateRange,0,0,8,Table,
AggCntrLossFundFactor,0,2,11,Table,
AggCntrLossFundID,0,2,8,Table,
AggCntrMaintenance,28,3,39,Table,
AggCntrNetworkCode,0,3,6,Table,
AggContractBnfPlans,0,2,6,Table,
AggContractClientLoc,0,2,8,Table,
AggrAttachPointDtl,0,0,10,Table,
AggrAttachPointHdr,0,0,11,Table,
AggrAttachPointHist,0,0,15,Table,
AggregateSpecificControls,0,1,21,Table,
AggrSLAttachPoint,0,2,5,Table,
AggrStopLossReport,1,3,19,Table,
AggrStopLossReportCensus,0,1,11,Table,
AggrStopLossRptStatistics,0,1,13,Table,
AggrStpLosRptAccmCalData,0,2,15,Table,
AggrStpLosRptHeaderData,0,2,21,Table,
AggSLAttCtrList,0,2,6,Table,
AggSpecBillingRate,0,8,106,Table,
AllowedDRGCPT,0,0,8,Table,
AllowedDRGRVS,0,0,10,Table,
AllowedDRGStdFct,0,0,17,Table,
AllowedDRGZip,0,0,11,Table,
AneGeoFactPercAllowed,0,0,20,Table,
AnesthesiaCswkAllowed,0,0,8,Table,
AnesthesiaCswkTbl1,0,0,8,Table,
AnesthesiaGeoFctAllowed,0,0,13,Table,
AnesthesiaGeoFctTbl4,0,0,13,Table,
AnesthesiaGeoPercentile,0,0,20,Table,
AnesthesiaProcAllowed,0,0,8,Table,
AnesthesiaProcTbl5,0,0,8,Table,
AnesthesiaRvTbl3,0,0,10,Table,
AnesthesiaRvTbl3Allowed,0,0,10,Table,
AnesthesiaTimeAllowed,0,0,14,Table,
AnesthesiaTimeTbl6,0,0,14,Table,
AnesthesiaZipCodeAllowed,0,0,11,Table,
AnesthesiaZipCodeTbl2,0,0,11,Table,
AppGroup,2,0,4,Table,
AppGroupInRole,0,2,5,Table,
AppInAppGroup,0,1,4,Table,
ApplicationGroups,0,0,8,Table,
AppliedSpecDeduct,0,0,5,Table,
ASCAllowed20Record,0,0,10,Table,
ASCAllowed3DigitZip,0,0,8,Table,
ASCAllowed5DigZipInfo,0,0,8,Table,
ASCAllowedAllRecords,0,0,28,Table,
ASCAllowedGeoLevelInd,0,0,10,Table,
ASCAllowedMasterCode,0,0,13,Table,
ASCAllowedZipArea,0,0,7,Table,
ASCFacIndicator,0,0,10,Table,
ASCFacProc,0,0,12,Table,
ASCFacRecLayout,0,0,25,Table,
ASCFacZip,0,0,8,Table,
ASCFacZipArea,0,0,7,Table,
ASCGrouper,0,0,4,Table,
ASCTable,1,0,7,Table,
ASCTableGrouper,2,1,5,Table,
ASCTableGrouperCode,0,3,8,Table,
AuditTrail,0,2,14,Table,
AutoGenCertificateNumber,0,0,5,Table,
BA820ProcessErrorDtl,0,0,12,Table,
BAAuditTrail,0,0,10,Table,
BABillingFactor,0,1,11,Table,
BABillingFactorDetails,0,0,34,Table,
BABillingFactorHierarchy,0,0,6,Table,
BACheckFileSeq,0,0,4,Table,
BAEftProcessError,0,0,4,Table,
BAEftProcessErrorDtl,0,0,9,Table,
BAEmailIDs,0,0,6,Table,
BAErrorLogFileDtl,0,0,13,Table,
BAInvoiceNumSeq,0,0,4,Table,
BatchAudit,0,0,21,Table,
BatchJobCheckPoint,0,0,13,Table,
BatchJobCheckPointRecoveryData,0,0,14,Table,
BatchJobProcessedRecs,0,0,5,Table,
BAVolumeControlReport,0,0,4,Table,
BenCrsRefTable,0,0,14,Table,
BenefitCodeAssignment,0,0,19,Table,
BenefitQuotes,0,0,8,Table,
BenefitScheduleDetails,0,0,67,Table,
BenefitScheduleMaster,0,1,6,Table,
BenExAccumulator,0,0,8,Table,
BenExAccumulatorForPlan,0,1,9,Table,
BenExclCategory,0,0,7,Table,
BenProcessorQues,0,0,16,Table,
BenSchedInNetworkMaster,0,1,6,Table,
BenScheExceptions,0,0,131,Table,
BenSchePayDollar,0,0,10,Table,
BenSchExclusions,0,0,12,Table,
BenStdAccumulatorForPlan,0,1,9,Table,
BenStdAccumulatorForProd,0,0,8,Table,
BGTaskManager,0,0,9,Table,
BilledEntityBillingFactor,0,1,10,Table,
BillingAddress,0,1,13,Table,
BillingAddrInfo,5,0,47,Table,
BillingCheckClientDetail,0,0,11,Table,
BillingCreditsParamSet,0,0,15,Table,
BillingEFTInfo,0,1,35,Table,
BillingHistoryCoverage,0,0,73,Table,
BillingHistoryCoverageSumm,0,0,72,Table,
BillingHistorySummary,0,0,67,Table,
BillingLocationSummary,0,0,31,Table,
BillingMethod,0,1,10,Table,
BillingProvider,2,0,27,Table,
BillingProviderAddress,0,1,12,Table,
BillPlanDefinition,2,0,5,Table,
BlobImages,0,0,6,Table,
BlockOfBusiness,61,0,44,Table,
BlockOfBusinessAddress,0,1,13,Table,
BoardCertCred,0,2,15,Table,
Branding,0,0,11,Table,
Broker1099ExtractDetails,0,0,24,Table,
Broker1099ExtractSummary,0,0,23,Table,
Broker1099ParamSet,0,0,13,Table,
Broker1099ParamSetAcc,0,0,5,Table,
Broker1099ParamSetTax,0,0,5,Table,
BrokerCommission,0,2,18,Table,
BrokerCompParamSet,0,0,29,Table,
BrokerDemoAddress,0,0,14,Table,
BrokerDemographic,7,0,41,Table,
BrokerEFTInformation,0,0,25,Table,
BrokerPayables,0,2,49,Table,
BSCSFMessage,0,1,5,Table,
BulkCorrespParamSet,0,0,51,Table,
BundleContCategory,0,0,5,Table,
BundleContGeographical,0,0,4,Table,
BundleContPortalFiles,0,0,11,Table,
BundleContPricing,0,0,18,Table,
BundleContract,0,0,31,Table,
BundleContractProv,0,0,9,Table,
BundleContSpecialty,0,0,5,Table,
BundlePymtDist,0,1,24,Table,
BundlePymtDistHdr,0,0,30,Table,
BustoBusUseraddressdetails,0,1,13,Table,
BustoBusUserDeatails,1,0,46,Table,
CalcFields,0,0,7,Table,
CallGroup,4,0,4,Table,
CallGroupInfo,0,1,10,Table,
CallGroupSpecialtyCode,0,1,5,Table,
CancellationRatesTable,0,0,6,Table,
CancellationRatesTableChild,0,0,7,Table,
CapitationAdjustment,0,0,10,Table,
CapitationBatchDelRecs,0,0,15,Table,
CapitationDtlSummary,1,0,7,Table,
CapitationIncExcCapTable,0,1,5,Table,
CapitationIncExcFundAcc,0,1,5,Table,
CapitationIncExcNetwork,0,1,5,Table,
CapitationIncExcProvider,0,1,5,Table,
CapitationLnItmDetails,0,1,23,Table,
CapitationPayment,0,1,14,Table,
CapitationPymntParam,4,0,15,Table,
CapitationServices,0,1,5,Table,
CapitationTable,4,0,4,Table,
CapitationTableInfo,2,0,11,Table,
CapNonEligibleRecords,0,0,12,Table,
CapParamBlobClientSet,0,0,8,Table,
CapServiceSection,0,1,5,Table,
CASPlanDefaultCodes,0,1,6,Table,
CASTransOutCodes,0,1,12,Table,
Category3Proc,0,0,13,Table,
Category3Stat,0,0,19,Table,
Category3Zip,0,0,8,Table,
Category3ZipArea,0,0,7,Table,
CategoryAdmissionSrc,0,0,5,Table,
CategoryAdmissionType,0,0,5,Table,
CategoryASCCodeRange,0,0,7,Table,
CategoryBillTypeCodeRange,0,0,5,Table,
CategoryCondition,0,0,5,Table,
CategoryDefinationTemp,0,0,17,Table,
CategoryDefinition,0,0,47,Table,
CategoryDiagnosis,0,0,8,Table,
CategoryDRGCodesCodeRange,0,0,5,Table,
CategoryHCPCSCodeRange,0,0,5,Table,
CategoryIncludeExclude,0,0,7,Table,
CategoryOccurrence,0,0,5,Table,
CategoryPlaceService,0,0,5,Table,
CategoryProcedure,0,0,7,Table,
CategoryProcModifier,0,0,6,Table,
CategoryProvDegree,0,0,6,Table,
CategoryProviderSpl,0,0,6,Table,
CategoryProviderSysID,0,0,5,Table,
CategoryProviderTaxID,0,0,5,Table,
CategoryProvTaxonomy,0,0,6,Table,
CategoryRevenueCodeRange,0,0,5,Table,
CategoryTypeService,0,0,5,Table,
CategoryValueCodeRange,0,0,5,Table,
CCBAuditLog,0,0,14,Table,
CdhpAdjResServLine,0,1,153,Table,
CdhpAdjResult,2,0,274,Table,
CDHPEntitySetup,0,0,6,Table,
CdhpResBenAccumDet,0,4,17,Table,
CertNoPrefixSeqMap,0,0,7,Table,
CesExcepCodes,0,0,4,Table,
CESMckessonAuditResult,0,1,8,Table,
ChangeHistory,0,0,13,Table,
ChargeAccount,0,1,33,Table,
CheckAccountInformation,4,0,77,Table,
CheckExtractFile,0,1,27,Table,
CheckLogFile,0,0,11,Table,
ChgHistJvTableFieldProps,0,0,7,Table,
ChgHistJvTableFieldValProps,0,0,6,Table,
ChgHistJvTableProps,0,0,6,Table,
City,0,1,5,Table,
Claim,3,0,1009,Table,
Claim_Ext,0,1,286,Table,
ClaimAudit,0,1,20,Table,
ClaimAuditDetail,0,0,9,Table,
ClaimAuditNotes,0,0,17,Table,
ClaimCheck,0,1,11,Table,
ClaimComplexityRankDefn,0,0,6,Table,
ClaimDateVerification,0,1,7,Table,
ClaimFormDefn,0,0,10,Table,
ClaimNBillingStatusAppDep,0,0,9,Table,
ClaimNBillingStatusAppEmp,0,0,10,Table,
ClaimNotes,0,1,11,Table,
ClaimnServiceLineAudit,0,2,8,Table,
ClaimNumberCounter,0,0,4,Table,
ClaimPrevQueue,0,0,5,Table,
ClaimPricingChangeHistory,0,0,16,Table,
ClaimPymt1099FormPS,0,0,15,Table,
ClaimPymt1099FormTax,0,0,5,Table,
ClaimPymt1099MiscIrsPS,0,0,20,Table,
ClaimPymt1099MiscIrsTax,0,0,7,Table,
ClaimPymtABFFileSeq,0,0,5,Table,
ClaimPymtAdjustmentClm,0,0,8,Table,
ClaimPymtAmpsInb,0,0,9,Table,
ClaimPymtAmpsInbClm,0,0,10,Table,
ClaimPymtBatch,0,0,76,Table,
ClaimPymtBatchDtl,0,0,5,Table,
ClaimPymtBatchFundDtl,0,0,7,Table,
ClaimPymtBatchFundTranDtl,0,0,4,Table,
ClaimPymtBatchNumSeq,0,0,4,Table,
ClaimPymtBatchSplit,0,0,11,Table,
ClaimPymtCb,0,0,23,Table,
ClaimPymtCbClaim,0,0,10,Table,
ClaimPymtCheckClaimDtl,0,0,12,Table,
ClaimPymtCheckConnector,0,0,7,Table,
ClaimPymtCheckEft,0,0,27,Table,
ClaimPymtCheckNumCtrl,0,0,8,Table,
ClaimPymtCheckSortOrder,0,0,6,Table,
ClaimPymtChkAcc,0,1,5,Table,
ClaimPymtChkRecFileFmt,0,0,4,Table,
ClaimPymtChkRecFileFmtDtl,0,0,12,Table,
ClaimPymtChkReconParamSet,0,0,8,Table,
ClaimPymtClaimSelDtl,0,0,8,Table,
ClaimPymtEftDtl,0,0,5,Table,
ClaimPymtEOB835Req,0,0,6,Table,
ClaimPymtEobRoutingCd,1,0,7,Table,
ClaimPymtEobRoutingTrans,0,1,6,Table,
ClaimPymtFileFmtDataType,0,0,4,Table,
ClaimPymtFileFmtKeywords,0,0,7,Table,
ClaimPymtFundEFT,0,0,9,Table,
ClaimPymtFundEFTBatch,0,0,4,Table,
ClaimPymtFundEFTTxn,0,0,17,Table,
ClaimPymtGenEob,0,0,22,Table,
ClaimPymtGlbEOBAcct,0,0,9,Table,
ClaimPymtGlbEOBClient,0,0,10,Table,
ClaimPymtGlbEOBCtrlMain,0,0,10,Table,
ClaimPymtHoldRelParamSet,0,0,4,Table,
ClaimPymtHoldRelQueue,0,0,6,Table,
ClaimPymtITSChkDtl,0,0,14,Table,
ClaimPymtJobRule,3,0,78,Table,
ClaimPymtJobStatus,0,0,6,Table,
ClaimPymtLockDtl,0,0,5,Table,
ClaimPymtPayExtChkAcc,0,1,5,Table,
ClaimPymtPayExtFileFmt,0,0,5,Table,
ClaimPymtPayExtFileFmtDtl,0,0,13,Table,
ClaimPymtPayExtParamSet,1,0,37,Table,
ClaimPymtPostBatchAcc,0,0,5,Table,
ClaimPymtPostBatchPS,0,0,6,Table,
ClaimPymtPPRetFile,0,0,12,Table,
ClaimPymtProduct,0,1,5,Table,
ClaimPymtProv1099,0,0,18,Table,
ClaimPymtProv1099Acc,0,0,5,Table,
ClaimPymtProv1099Dtl,0,0,23,Table,
ClaimPymtProv1099ParamSet,0,0,33,Table,
ClaimPymtProv1099Tax,0,0,5,Table,
ClaimPymtRffPS,0,0,12,Table,
ClaimPymtStaleDtChkAcc,0,0,5,Table,
ClaimPymtStaleDtParam,0,0,9,Table,
ClaimPymtStopPayHist,0,0,15,Table,
ClaimPymtStopPayReq,0,0,13,Table,
ClaimPymtTinMchParamSet,0,0,10,Table,
ClaimPymtUMRBlobClient,0,0,6,Table,
ClaimPymtUMRParam,0,0,15,Table,
ClaimPymtUMRPExcVendor,0,0,4,Table,
ClaimReconError,0,0,11,Table,
ClaimRuleCategoryDef,0,0,6,Table,
ClaimsEditControlRules,0,0,8,Table,
ClaimsEditControlRulesMfm,0,0,5,Table,
ClaimsPricingSequences,0,0,4,Table,
ClaimsPsiMedica,0,1,8,Table,
ClaimStory,0,1,99,Table,
ClaimStorySummary,0,1,11,Table,
ClaimTransactions,0,0,9,Table,
Client,18,1,104,Table,
Client1099Information,0,0,18,Table,
ClientAddress,0,2,14,Table,
ClientCMS111,0,0,50,Table,
ClientCoverage,12,2,45,Table,
ClientDepartment,0,2,12,Table,
ClientDepartmentAddress,0,2,15,Table,
ClientDepartmentPhoneNum,0,2,17,Table,
ClientDepStatus,0,2,6,Table,
ClientEmpStatus,0,2,6,Table,
ClientExclBenCodes,0,0,5,Table,
ClientImages,0,0,7,Table,
ClientInterestAndTaxes,0,0,10,Table,
ClientLocation,12,2,46,Table,
ClientLocationAddress,0,3,15,Table,
ClientLocationDepartment,0,3,6,Table,
ClientLocationImages,0,0,8,Table,
ClientLocationPhoneNum,0,0,17,Table,
ClientMATaxInfo,0,0,9,Table,
ClientMETaxInfo,0,0,10,Table,
ClientNLocCovgBillDates,0,0,9,Table,
ClientNYStatusCode,0,0,9,Table,
ClientNYTaxInfo,0,0,14,Table,
ClientOtherStTaxInfo,0,0,10,Table,
ClientPhoneNum,0,0,16,Table,
ClientPriCoveBenefitPlan,0,4,8,Table,
ClientPrimaryCoverage,5,4,21,Table,
ClientPrimCovgRuleSet,0,5,8,Table,
ClientPrimeProduct,0,1,15,Table,
ClientRxDCMrktSeg,0,0,7,Table,
ClientRxDCState,0,0,7,Table,
ClientSecondaryCoverage,0,4,16,Table,
ClientTransferHistory,0,0,8,Table,
ClientTransferParamSet,0,0,7,Table,
ClientWideAdjHistory,0,0,20,Table,
ClientWideAdjParamSet,0,0,20,Table,
ClientWideAdjParamSetTier,0,0,4,Table,
ClmFilterBenefitCode,0,0,5,Table,
ClmFilterBillType,0,0,5,Table,
ClmFilterBlbCltLocRange,0,0,6,Table,
ClmFilterBlobClient,0,0,7,Table,
ClmFilterClmFilingInd,0,0,6,Table,
ClmFilterCPGCode,0,0,5,Table,
ClmFilterFacilityType,0,0,5,Table,
ClmFilterNetwork,0,0,5,Table,
ClmFilterNPI,0,0,5,Table,
ClmFilterPhysOrFacility,0,0,5,Table,
ClmFilterPlaceofService,0,0,5,Table,
ClmFilterPlan,0,0,5,Table,
ClmFilterPymntType,0,0,15,Table,
ClmFilterRuleSet,0,0,72,Table,
ClmFilterServiceType,0,0,5,Table,
ClmFilterSpecialty,0,0,5,Table,
ClmFilterState,0,0,5,Table,
CMPAActivityTracker,0,1,34,Table,
CMPAAffiliateRecord,0,1,22,Table,
CMPAApplicationGroups,0,0,8,Table,
CMPAAssignUserRole,0,1,5,Table,
CMPAAssignUserRoleToNewUser,0,1,5,Table,
CMPABenefitPlan,0,0,7,Table,
CMPABftPlanCoverage,0,0,14,Table,
CMPAClientDisclaimer,0,0,4,Table,
CMPAClientLifeEventRoles,0,0,4,Table,
CMPAClientLifeEvents,0,0,7,Table,
CmpaClientSettings,0,0,32,Table,
CMPAContributions,0,0,35,Table,
CMPADependentInfo,0,1,95,Table,
CMPAEFTERAReportParams,0,0,11,Table,
CMPAElectionCoverage,0,0,18,Table,
CMPAElectionInfo,0,0,13,Table,
CMPAEmpDisclaimers,0,0,6,Table,
CMPAEmployeeInfo,2,0,122,Table,
CMPAEnrollFldConfig,0,1,10,Table,
CMPAEnrollNotifSetup,0,0,12,Table,
CMPAEnrollRequests,2,0,32,Table,
CMPAEnrollRules,1,0,14,Table,
CMPAEnrollSetup,0,0,18,Table,
CMPAEnrolRelCodes,0,0,8,Table,
CMPAEnrRqstAuditTrail,0,1,5,Table,
CMPAEnrRuleBftPlan,0,0,11,Table,
CMPAEnrRuleBrkCode,0,0,10,Table,
CMPAEnrRuleBrkSupProd,0,2,5,Table,
CMPAEnrRuleSuppProd,0,0,7,Table,
CMPAEnrSetupSetting,0,0,28,Table,
CMPAExcludeClmCodes,0,0,4,Table,
CMPAInsSecurityQues,0,0,14,Table,
CMPALifeEventRoles,0,0,4,Table,
CMPALifeEventTypes,0,0,6,Table,
CMPALinkParameter,0,1,6,Table,
CMPALNFStyleSettings,0,0,7,Table,
CMPALookNFeelMaster,0,0,7,Table,
CMPAMemACLInsSettings,0,0,67,Table,
CMPAMemberStatus,0,0,8,Table,
CMPAMemWebServices,0,0,6,Table,
CMPANotifEmailAddr,0,0,11,Table,
CMPAPassOrUserFldRest,0,0,13,Table,
CMPAPcpInfo,0,0,12,Table,
CMPAPrefPharmacy,0,0,7,Table,
CMPAProvACLSettings,0,0,81,Table,
CMPAProvEFTERAEnrollReq,0,0,41,Table,
CMPAProvLogRqst,1,1,46,Table,
CMPAProvLogRqstAM,0,1,5,Table,
CMPASBProcedureCode,0,1,18,Table,
CMPASBTCode,0,1,22,Table,
CMPASBTCodeSection,0,1,7,Table,
CMPASBTemplateSpeciality,0,1,4,Table,
CMPASBTemplateUserRole,0,2,4,Table,
CMPASpecialtyExclude,0,1,5,Table,
CMPASuperBill,1,1,28,Table,
CMPASuperBillTemplate,4,0,14,Table,
CMPASupplementalInfo,0,2,9,Table,
CMPASuppProdLinks,0,0,5,Table,
CMPASuppProdSetup,0,0,5,Table,
CMPATableNCode,0,0,8,Table,
CMPAUDL,0,0,5,Table,
CMPAUser,3,0,31,Table,
CMPAUserDepSettings,0,1,5,Table,
CMPAUserEmpSettings,1,0,4,Table,
CMPAUserOTPDetails,0,0,5,Table,
CMPAUserQueues,0,1,4,Table,
CMPAUserRegInfo,0,0,48,Table,
CMPAUserRoles,3,0,5,Table,
CMSAuditReport,0,0,13,Table,
CMSChangeHistory,0,0,9,Table,
CMSCodeSet,0,0,6,Table,
CMSCrossRef,0,0,11,Table,
CMSEmployerSize,0,0,6,Table,
CMSFieldMap,0,0,10,Table,
CMSLog,0,0,14,Table,
CMSMemEligCov,0,3,62,Table,
CMSMSPResponseFileData,0,0,99,Table,
CMSNonMSPResponseFileData,0,0,67,Table,
CMSQueryFileErrors,0,0,7,Table,
CMSQueryResponseFileData,0,0,27,Table,
CMSRepParamSet,0,0,16,Table,
CMSRespFileFieldMap,0,0,7,Table,
CMSRespFileProcess,0,0,44,Table,
CMSTINResponseFileData,0,0,40,Table,
COBExcludeBenCodes,0,0,4,Table,
COBExcludeCPGCodes,0,0,4,Table,
COBIneligibleBenCodes,0,0,4,Table,
COBIneligibleCPGCodes,0,0,4,Table,
COBPlanRules,0,1,7,Table,
COBRAAdministration,0,1,39,Table,
COBRAControlRecordError,1,0,43,Table,
COBRACoverageIncludeRates,0,0,6,Table,
COBRACoverageLevel,0,0,6,Table,
COBRACovgLvlIncluded,0,0,5,Table,
COBRADepElectionProcess,0,1,30,Table,
COBRAElectionProcess,0,1,30,Table,
COBRAMaxMapping,0,0,5,Table,
COBRAOfferingsPackage,0,0,5,Table,
COBRAParameterSet,0,0,14,Table,
COBRARecord,2,3,30,Table,
COBRARecordNotes,0,1,6,Table,
COBRASeparateOfferings,0,0,10,Table,
COBRATempBilling,0,2,8,Table,
COBRATransIn,0,1,6,Table,
COBRATransOut,0,1,6,Table,
COBRuleSet,0,0,57,Table,
CodeDesc,0,0,7,Table,
CodeDescLang,0,0,7,Table,
CodeSetData1,0,1,9,Table,
CodeSetData10,0,1,11,Table,
CodeSetData11,0,1,12,Table,
CodeSetData12,0,1,11,Table,
CodeSetData13,0,1,15,Table,
CodeSetData14,0,1,15,Table,
CodeSetData15,0,1,15,Table,
CodeSetData16,0,1,15,Table,
CodeSetData17,0,1,16,Table,
CodeSetData18,0,1,9,Table,
CodeSetData19,0,1,10,Table,
CodeSetData2,0,1,15,Table,
CodeSetData20,0,1,15,Table,
CodeSetData21,0,1,9,Table,
CodeSetData22,0,1,12,Table,
CodeSetData23,0,1,11,Table,
CodeSetData24,0,1,13,Table,
CodeSetData25,0,1,14,Table,
CodeSetData26,0,1,12,Table,
CodeSetData27,0,1,10,Table,
CodeSetData28,0,1,13,Table,
CodeSetData29,0,1,12,Table,
CodeSetData3,0,1,13,Table,
CodeSetData30,0,1,13,Table,
CodeSetData31,0,1,15,Table,
CodeSetData32,0,1,13,Table,
CodeSetData33,0,1,14,Table,
CodeSetData4,0,1,15,Table,
CodeSetData5,0,1,14,Table,
CodeSetData6,0,1,15,Table,
CodeSetData7,0,1,17,Table,
CodeSetData8,0,1,18,Table,
CodeSetData9,0,1,14,Table,
CodeSetMaster,35,0,12,Table,
CodeType,0,0,5,Table,
CodeTypeMaster,0,0,140,Table,
ConfigurationParameter,0,1,60,Table,
ContractEntAddr,0,1,17,Table,
ContractEntROFR,0,1,9,Table,
ContractICD9Speciality,0,1,7,Table,
ContractingEntity,6,0,32,Table,
ContractMaintenance,20,0,22,Table,
ContractNetworkAffl,0,2,7,Table,
ContractPricingMethods,0,1,47,Table,
ContractRules,0,1,13,Table,
ContrbtnLoadManual,0,1,16,Table,
ContribLoadError,0,1,14,Table,
ContribLoadParamSet,0,0,12,Table,
ContributionMaster,2,0,11,Table,
ContributionMasterEFT,0,1,9,Table,
CoPayExceptionCategories,0,0,25,Table,
CoreRqstHistory,0,0,9,Table,
CorrespDefinition,6,0,21,Table,
CorrespDefinitionInfo,0,1,4,Table,
CorrespKeywords,0,1,8,Table,
CorrespondenceEntity,1,0,4,Table,
CorrespQues,0,1,5,Table,
CorrespTemp,0,0,4,Table,
CorrespTemplatesInfo,0,1,7,Table,
CorrespTmptDesign,0,1,7,Table,
CorrespUserRolePermission,0,0,4,Table,
Country,4,0,5,Table,
County,0,1,6,Table,
CoverageSummary,0,0,57,Table,
CoverageSummaryDates,0,0,28,Table,
CovgBillDates,0,0,10,Table,
CPBatch,0,0,16,Table,
CPBatchDtl,0,0,5,Table,
CPJobRule,0,0,31,Table,
CPJobRuleProduct,0,1,5,Table,
CPSortOrder,0,0,6,Table,
CredActivityTrack,0,2,12,Table,
CredentialsAddress,0,2,14,Table,
CredentialsInfo,18,2,14,Table,
CredMonitoring,0,2,14,Table,
CredSiteVisit,0,2,11,Table,
CredVerification,0,2,12,Table,
CrmAlertCodes,0,0,10,Table,
CRMCall,2,1,60,Table,
CrmCallCodeSets,0,0,5,Table,
CRMCallIDCounter,0,0,4,Table,
CrmCallLinks,0,2,33,Table,
CRMCodeSetPermissions,0,0,6,Table,
CRMKeyword,0,1,8,Table,
CRMOtherCustomer,0,0,14,Table,
CrmSetUp,0,0,19,Table,
CurrencyConverter,0,0,5,Table,
CustServPlanDesc,0,1,12,Table,
DailyCheckJournal,0,1,49,Table,
DateFormats,0,0,4,Table,
DbtBalanceProcessError,0,0,13,Table,
DbtCrdClaimExtParamSet,0,0,13,Table,
DbtCrdClaimReconParamSet,0,0,6,Table,
DbtCrdDisbExtParamSet,0,0,11,Table,
DbtCrdEligExtParamSet,0,0,12,Table,
DbtCrdTransParamSet,0,0,6,Table,
DbtTransactionError,0,0,11,Table,
DebCrdBalanceParamSet,0,0,6,Table,
DebitCardAdminSetup,0,1,19,Table,
DebitCardExtract,0,1,13,Table,
DebitCardMemberPlan,0,0,10,Table,
DebitcardTransaction,0,1,26,Table,
DECSpendingAccount,0,1,23,Table,
DeductibleFor,0,1,7,Table,
DeductibleType,1,1,7,Table,
DefaultAddrPattern,0,0,6,Table,
DefaultDGNCodeAssignment,0,0,15,Table,
DefaultToothNumber,0,0,5,Table,
DefineCoPaymentCatDef,0,0,6,Table,
DefineCoPaymentCategories,0,1,7,Table,
DefineDupClaimDenMatch,0,0,15,Table,
DefineDuplicateClaim,0,1,19,Table,
DefineDuplicateClaimMatch,0,0,17,Table,
DefineResources,0,0,4,Table,
DefineResourcesFAQs,0,0,7,Table,
DefineResourcesLinks,1,0,8,Table,
DefinitionCodeAssignment,0,0,10,Table,
DefResClientReports,0,0,6,Table,
DefResContactInfo,0,0,20,Table,
DefResDocsAndForms,0,0,7,Table,
DefResIncExc,0,0,7,Table,
DefResNewsAndMsgs,0,0,9,Table,
DefResRolesViewable,0,0,6,Table,
DeletedDependentEligibility,0,3,16,Table,
DeletedEmployeeEligibility,0,2,19,Table,
DelinquencyParamSet,0,0,22,Table,
DelinquencyReportPDFtemp,0,1,25,Table,
DelinquencyReportResult,0,1,17,Table,
DentalClaimMissingTeeth,0,0,5,Table,
DentalGeoFctTbl3,0,0,17,Table,
DentalLogic,0,0,37,Table,
DentalLogicADACode,0,0,7,Table,
DentalLogicToothNumber,0,0,6,Table,
DentalProcedureCodeTbl4,0,0,8,Table,
DentalRvTbl2,0,0,10,Table,
DentalServiceControls,0,1,7,Table,
DentalZipCodeTbl1,0,0,11,Table,
DepActivityTracker,0,0,15,Table,
DepAuthExcModifiers,0,0,13,Table,
DepAuthProvInfo,0,0,12,Table,
DepAuthServicesInfo,0,0,34,Table,
DepBenefitAccumulatorKeys,3,1,11,Table,
DepBenefitAccumulators,0,1,33,Table,
DepBillingFactors,0,3,9,Table,
DepCareRemExp,1,0,12,Table,
DepCareRemExpClaims,0,1,5,Table,
DepElgCoverage,33,2,34,Table,
DepElgCoverageHCCDeleted,0,2,25,Table,
Dependent,28,1,85,Table,
DependentAuthADACode,0,0,7,Table,
DependentAuthByProvCertNum,0,0,9,Table,
DependentAuthByProvID,0,0,9,Table,
DependentAuthByProvTaxID,0,0,9,Table,
DependentAuthCategory,0,0,9,Table,
DependentAuthCPTHCPCSCode,0,0,7,Table,
DependentAuthDiagnosisCode,0,0,7,Table,
DependentAuthICD9ProcCode,0,0,7,Table,
DependentAuthorization,0,1,110,Table,
DependentAuthRevenueCode,0,0,7,Table,
DependentCMS111,0,0,85,Table,
DependentDenAuthCategory,0,0,7,Table,
DependentDentalCoverage,0,3,27,Table,
DependentDentalProvider,0,4,12,Table,
DependentEft,0,3,35,Table,
DependentMedicalCoverage,3,3,27,Table,
DependentMedicalProvider,0,4,12,Table,
DependentVisionCoverage,0,3,27,Table,
DependentVisionProvider,0,4,12,Table,
DepExceptionAccumulators,0,1,9,Table,
DepExtOfBenefits,0,2,6,Table,
DepExtOfBenefitsCode,0,0,11,Table,
DepFlexAuthorization,0,1,9,Table,
DepMaintenanceAddress,0,2,18,Table,
DepMaintenanceCustInfo,0,0,21,Table,
DepMaintenanceEducnInfo,0,2,18,Table,
DepMaintenanceEducnRegInfo,0,0,18,Table,
DepMaintenanceRespInfo,0,0,22,Table,
DepMonthlyAccumulators,0,1,17,Table,
DepPreExiCondDiagCode,0,0,9,Table,
DepPreExiCondProduct,0,0,8,Table,
DepPreExiConPriorDental,0,0,7,Table,
DepPreExistingConditions,0,2,6,Table,
DepPrescriptionCoverage,0,3,27,Table,
DepPrescriptionProvider,0,4,12,Table,
DepReviewDecCodes,0,0,7,Table,
DepStopLossAmount,0,3,8,Table,
DestinationFields,0,0,8,Table,
Destinations,0,0,12,Table,
DGNCodeAssignment,0,0,13,Table,
DGTestRig,0,0,10,Table,
DGTestRig_Child,0,0,5,Table,
DisabilityAddDeduct,0,0,9,Table,
DisabilityCalculations,0,0,76,Table,
DisabilityMaintenance,2,0,65,Table,
DisabilityPlanRules,0,1,29,Table,
DisAddDedAccumulators,0,2,9,Table,
DisAdditionalDeduction,0,1,7,Table,
DisClaimAddDed,0,1,7,Table,
DisClaimDet,0,1,13,Table,
DisClaimExt,0,1,9,Table,
DisFICAMediWithhold,0,0,6,Table,
DisICDDiagnosisCodes,0,0,8,Table,
DisParameterset,1,0,18,Table,
DispatcherHistory,0,0,7,Table,
DisPlanDaysDefinition,0,1,7,Table,
DisPlanRules,0,1,35,Table,
DisSalaryDetails,0,1,6,Table,
DisTaxDeductions,0,1,7,Table,
DisUniqueMembers,0,1,5,Table,
DRGCodeTable,0,2,8,Table,
DRGTable,2,0,10,Table,
DSCCurrentService,0,0,5,Table,
DSCHistoryServices,0,0,5,Table,
EDI277FEClaimStatus,0,0,11,Table,
EDI277FETtlClaimCount,0,0,12,Table,
EDI820RemittDetail,0,0,37,Table,
EDI820RemittHeader,0,0,90,Table,
EDI820RemittIndName,0,0,35,Table,
EDI820RemittInfo,0,0,8,Table,
EDI820RemittIntBankInfo,0,0,24,Table,
EDI820RemittMiscInfo,0,0,15,Table,
Edi834InClmBillStatus,0,0,8,Table,
Edi834InSecProd,0,0,6,Table,
EDI834InTemplate,0,0,86,Table,
EDI834OutTempDTPSeg,0,0,10,Table,
EDI834OutTemplate,0,0,186,Table,
EDI834OutTempLXLoop2700,0,0,6,Table,
EDI834OutTempQTYSeg,0,0,5,Table,
EDI834Template,0,0,6,Table,
EDI837EntityAutoRejectCodes,0,0,4,Table,
EDI837FileSeqnumber,0,0,7,Table,
EdiAccInbOut,0,1,26,Table,
EdiAccmulatorsRanges,0,1,10,Table,
EdiAccumulatorCounterLogs,0,0,11,Table,
EdiAccumulatorErrorLogs,0,4,16,Table,
EdiAccumulatorReprocess,0,0,9,Table,
EDIAcknowledgementCount,0,0,6,Table,
EDIAcknowledgementRecords,0,0,9,Table,
EDIAddress1099,0,0,13,Table,
EDIAddrNorm,0,0,7,Table,
EDIAdjResServLine,0,0,224,Table,
EDIAdjudicationResult,0,0,144,Table,
EDIBatchCheck,0,0,9,Table,
EDIBatchCheckClaim,0,0,5,Table,
EdiBatchDeleteClaimInfo,0,0,7,Table,
EdiBatchDeleteClaimStatusInfo,0,0,9,Table,
EdiBatchDeleteExcRsnInfo,0,0,7,Table,
EDIBatchNumber,0,0,4,Table,
EDIBillingAddress,0,1,13,Table,
EDIBillingAddrInfo,2,0,43,Table,
EDIBillingEFTInfo,0,0,34,Table,
EDIBillingProvider,1,0,27,Table,
EDIBillingProviderAddress,0,1,12,Table,
EDIBillProvAddrDetails,0,0,11,Table,
EDIBillproviderDetails,0,0,11,Table,
EDIBoardCertCred,0,0,16,Table,
EDIBSFileIdentifier,0,0,5,Table,
EDICheckAcctXRefTrans,0,1,6,Table,
EDIClaim,3,0,991,Table,
EDIClaim_Ext,0,1,270,Table,
EDIClaimAdjCodeSet,0,0,4,Table,
EDIClaimVendorData,0,0,10,Table,
EDIClientPayment,0,1,37,Table,
EDICredActivityTrack,0,0,13,Table,
EDICredentialsAddress,0,0,15,Table,
EDICredentialsInfo,0,0,15,Table,
EDICredMonitoring,0,0,14,Table,
EDICredSiteVisit,0,0,12,Table,
EDICredVerification,0,0,13,Table,
EDICustomTxnBlobClientList,0,1,8,Table,
EDICustomTxns,0,0,5,Table,
EDIDemographicTrans,0,0,8,Table,
EDIDentalClmMissingTeeth,0,0,5,Table,
EDIDRGCodeTable,0,1,8,Table,
EDIDRGTable,1,0,11,Table,
EDIEducationCred,0,0,27,Table,
EDIEmpDepAuthByProvID,0,0,8,Table,
EDIEmpDepAuthByProvTaxID,0,0,9,Table,
EDIEmpDepAuthCategory,0,1,8,Table,
EDIEmpDepAuthorization,2,0,99,Table,
EDIEmpDepAuthProvInfo,0,1,11,Table,
EDIEmpDepAuthServicesInfo,0,0,32,Table,
EDIEmpDepReviewDecCodes,0,0,5,Table,
EdiEnrollBillingFactors,0,0,9,Table,
EDIEnrollCMS,0,0,79,Table,
EDIEnrollCreditInfo,0,0,62,Table,
EDIEnrollFFRInfo,0,0,12,Table,
EDIEnrollMemberPCPInfo,0,0,41,Table,
EDIEnrollment,0,0,945,Table,
EDIEnrollmentEx1,0,0,114,Table,
EDIEnrollmentSCovg,0,0,741,Table,
EDIEnrollMiscFee,0,0,9,Table,
EDIEnrollReportCategory,0,0,11,Table,
EDIEnrollStopLossAmount,0,0,6,Table,
EDIEntity270271,0,1,22,Table,
EDIEntity276277,0,0,20,Table,
EDIEntity278,0,1,36,Table,
EDIEntity820,0,1,37,Table,
EDIEntity834,0,1,77,Table,
EDIEntity835,0,1,52,Table,
EDIEntity837,0,1,151,Table,
EDIEntityAccumImportExport,0,1,21,Table,
EDIEntityCDHPContribution,0,0,14,Table,
EDIEntityClaimAuditTrail,0,1,10,Table,
EDIEntityClaimImportExport,0,0,29,Table,
EDIEntityClientPayment,0,1,7,Table,
EDIEntityDefParam,0,1,5,Table,
EDIEntityDRGCodesImportExport,0,1,17,Table,
EDIEntityEmbed,0,1,17,Table,
EDIEntityFeeSched,0,1,13,Table,
EDIEntityImportAccumsEvent,0,0,10,Table,
EDIEntityImportClient,0,1,7,Table,
EDIEntityImportCRMData,0,1,7,Table,
EDIEntityImportExport,0,0,17,Table,
EDIEntityImportImaging,0,1,8,Table,
EDIEntityImportNDCCodes,0,1,7,Table,
EDIEntityImportNotesData,0,1,8,Table,
EDIEntityImportToothChart,0,0,7,Table,
EDIEntityNCPDP,0,1,15,Table,
EDIEntityPreAuth,0,1,13,Table,
EDIEntityProvider1099,0,1,8,Table,
EDIEntityProviderImportExport,0,1,18,Table,
EDIEntityProvUpld,0,1,17,Table,
EDIEntitySetup,45,0,8,Table,
EDIEntitySetupForClm,0,0,8,Table,
EDIEntityStructure,0,0,5,Table,
EDIEntityTransaction,0,0,6,Table,
EDIEobMessageTrans,0,1,6,Table,
EDIEventTypeTrans,0,1,7,Table,
EDIFacility,3,1,95,Table,
EDIFacilityAddress,0,0,22,Table,
EDIFacilityContract,0,0,10,Table,
EDIFacilityPhyContract,0,0,10,Table,
EDIFacilityPhySecSpec,0,0,10,Table,
EDIFacilityPhySerSpec,0,1,5,Table,
EDIFacilityPhysicianAffl,3,3,102,Table,
EDIFacOIGExclusionList,0,1,7,Table,
EDIFacPhyOIGExclusionList,0,1,7,Table,
EDIFacPhysAddress,0,0,16,Table,
EDIFeeRuleValDetails,0,0,11,Table,
EDIFeeRuleValueTable,0,0,7,Table,
EDIFeeRuleValueTablePC,0,0,13,Table,
EDIFeeSchedGlobal,0,0,5,Table,
EDIFeeSchedProfessional,0,0,5,Table,
EDIFeeSchedTechnical,0,0,5,Table,
EDIFEHBBenefitPlanRetain,0,0,5,Table,
EDIFEHBBenefitPlanXReference,0,0,10,Table,
EDIFEHBClientXReference,0,0,8,Table,
EDIFEHBDepartmentChange,0,0,5,Table,
EDIFEHBDepartmentRetired,0,0,5,Table,
EDIFEHBLoosingPlanMatrix,0,0,6,Table,
EDIFEHBRetainBenefitPlanChgTo,0,0,5,Table,
EDIFEHBTxnInbound,0,1,125,Table,
EDIFileNameGen,0,0,5,Table,
EDIFtpFileDetails,0,0,15,Table,
EDIHospPrivilegeCred,0,0,12,Table,
EDIImpExpCatDef,0,0,14,Table,
EDIIncExcBlobClient,0,0,9,Table,
EDIIndPlanCopayExChild,0,0,6,Table,
EDIIndPlanCopayment,0,0,14,Table,
EDIIndPlanCopaymentExc,0,0,8,Table,
EDIIndPlanMaximums,0,0,14,Table,
EDIIndPlanMaximumsExc,0,0,13,Table,
EDIInsurCode,0,0,4,Table,
EDILicenseCred,0,0,29,Table,
EDILogDetail,2,1,14,Table,
EDILogSummary,4,0,40,Table,
EDIMaintain1099,0,0,27,Table,
EDIMapper,0,0,15,Table,
EDIMasterAuthorization,1,0,350,Table,
EDIMedicalConditionTrans,0,1,8,Table,
EDINetworkAffiliations,0,2,37,Table,
EDINetworkAfflBenPlan,0,0,5,Table,
EDINetworkAfflCallGroup,0,0,5,Table,
EDINetworkAfflExcl,0,0,7,Table,
EDINetWorkStatusCodeTrans,0,0,11,Table,
EDINetworkTrans,0,1,13,Table,
EDINmCityNorm,0,0,7,Table,
EDIOutboundAccumSetting,0,0,21,Table,
EDIOutTrans,0,1,13,Table,
EDIOutTransClient,0,1,7,Table,
EDIOutTransREF,0,0,10,Table,
EDIParamSetData,35,0,34,Table,
EdiPatientMatch,0,0,43,Table,
EDIPhyOIGExclusionList,0,1,7,Table,
EDIPhysician,2,0,60,Table,
EDIPhysicianDegree,0,1,4,Table,
EDIPhysicianLanguage,0,0,5,Table,
EDIPreExiConDiagCode,0,2,8,Table,
EDIPreExiConPriorCovg,0,0,6,Table,
EDIPreExiConProduct,2,0,6,Table,
EDIProvAddressDetails,0,0,11,Table,
EDIProvider,1,0,78,Table,
EDIProviderAddress,0,1,14,Table,
EDIProviderAuthorization,0,0,40,Table,
EDIProviderDetails,0,0,11,Table,
EDIProviderEntitySummary,0,1,7,Table,
EdiProviderImpExpMatch,0,0,92,Table,
EDIProviderInformation,0,0,195,Table,
EdiProviderMatch,0,0,51,Table,
EDIProviderTermReason,0,0,5,Table,
EDIProvNetAffiliation,0,0,12,Table,
EDIProvNetworkAffiliation,0,0,31,Table,
EDIProvSecSplty,0,0,6,Table,
EDIProvSecSpltyDetails,0,0,12,Table,
EDIPSExpCategoryDefs,0,1,8,Table,
EDIPSIncludeCategories,0,0,5,Table,
EDIservice_line,0,1,398,Table,
EDIServiceAuthorization,0,1,124,Table,
EDIServiceLineAdjInfo,0,1,114,Table,
EDISvcLineVendorData,0,0,10,Table,
EDITaxonomyTrans,0,1,6,Table,
EDITempCovDtsLP2300,0,0,7,Table,
EDITempDTPMembLP2000,0,0,12,Table,
EdiTemplate,0,0,12,Table,
EDITemplateHeader,0,0,44,Table,
EDITempLXLoop2700,0,0,6,Table,
EDITempPolcyLP2300,0,0,8,Table,
EDITempREFLP2000,0,0,8,Table,
EDITempTPABrkLp1000C,0,0,13,Table,
EDITransaction,0,0,15,Table,
EDITransBenStatusCode,0,1,7,Table,
EDITransClaimAdjCode,0,1,9,Table,
EDITransInsLnCode,0,1,10,Table,
EDITransMaintenanceReasonCode,0,1,7,Table,
EDITransNetCodeDate,0,1,6,Table,
EDITransNetworkStatusCode,0,1,11,Table,
EDITransServCode,0,1,8,Table,
EDITxn278JqsAuth,0,0,6,Table,
EDITxn278Outbound,0,1,6,Table,
EDITxn834BenefitPlans,0,0,6,Table,
EDITxn834DTPMemLDates,0,0,6,Table,
EDITxn834Inbound,0,1,60,Table,
EDITxn834InStatus,0,0,5,Table,
EDITxn834Member,0,0,7,Table,
EDITxn834N1RepCat,0,0,6,Table,
EDITxn834Outbound,0,1,130,Table,
EDITxn834OutStatus,0,0,5,Table,
EDITxn834REFMemSup,0,0,6,Table,
EDITxn834TerminationReasonCd,0,0,5,Table,
EDITxn835,1,1,19,Table,
EDITxn835Acct,0,1,5,Table,
EDITxn835Batch,0,0,5,Table,
EDITxn835BlobClient,0,0,9,Table,
EDITxn835Claim,0,0,5,Table,
EDITxn835ITS,2,0,37,Table,
EDITxn835ITSAcct,0,1,5,Table,
EDITxn835ITSProduct,0,1,4,Table,
EDITxn837BenefitPlans,0,0,6,Table,
EDITxn837JqsCL,0,0,6,Table,
EDITxn837Outbound,0,1,13,Table,
EDITxn837PaidOutbound,0,1,10,Table,
EDITxnBillPlans,0,0,5,Table,
EDITxnBlobClientLocation,0,0,10,Table,
EDITxnBSCRBlobClient,0,1,8,Table,
EDITxnBSCRClaim,0,1,5,Table,
EDITxnBSCREOBRemarksToSupress,0,1,5,Table,
EDITxnBSCRExcludeClaims,0,1,5,Table,
EDITxnBSCRF,0,1,18,Table,
EDITxnBSCRResendClaim,0,1,5,Table,
EDITxnBSCRUser,0,1,6,Table,
EDITxnCustIngenixClaimsExtract,0,0,20,Table,
EdiTxnCustomImpExpMedco,0,0,38,Table,
EDITxnCustomNurtureHealthClaims,0,0,17,Table,
EDITxnCustShastaClmExport,0,1,17,Table,
EDITxnDRGCodesExport,0,1,9,Table,
EDITxnDTPCovDates,0,0,6,Table,
EDITxnExport,0,1,109,Table,
EDITxnExportClaims,1,0,31,Table,
EDITxnExportClaimsJqsClaim,0,0,6,Table,
EDITxnExportClaimsRange,0,1,12,Table,
EDITxnExportProvider,0,0,44,Table,
EDITxnFeeScheduleExport,0,1,7,Table,
EDITxnFeeScheduleUpload,0,1,11,Table,
EDITxnHCI,0,1,30,Table,
EDITxnHlthCovPolNum,0,0,6,Table,
EDITxnImport,0,1,15,Table,
EDITxnImportExport,0,1,40,Table,
EDITxnLegacyElgExport,0,1,21,Table,
EDITxnPMCS,0,1,18,Table,
EDITxnPreAuthExport,0,1,25,Table,
EDITxnProviderUpload,0,1,7,Table,
EDITxnSecondaryCoverage,0,0,4,Table,
EDITxnStateCounty,0,0,8,Table,
EDITxnStatus,0,0,5,Table,
EDIUseNameCityNorm,0,0,4,Table,
EducationCred,0,2,27,Table,
EftCheck,0,0,8,Table,
EFTFileName,0,0,9,Table,
EFTParamSet,0,0,20,Table,
EFTTransactionHistory,0,0,33,Table,
ElectronicFundsTransfer,0,1,26,Table,
EmpActivityTracker,0,0,15,Table,
EmpAsofdateTransParamSet,0,0,13,Table,
EmpAuthExcModifiers,0,0,12,Table,
EmpAuthProvInfo,0,0,11,Table,
EmpAuthServicesInfo,0,0,33,Table,
EmpBenAccumulatorKeys,0,1,11,Table,
EmpBenefitAccumulators,0,0,33,Table,
EmpBillingFactors,0,2,9,Table,
EmpDepBenAccEvents,0,0,8,Table,
EmpDepBenAccImpExpEvents,0,0,7,Table,
EmpDepBenAccumChangeHistory,0,0,14,Table,
EmpDepEft,0,3,34,Table,
EmpEligibilityCoverage,18,1,42,Table,
EmpEligibilityHCCDeleted,0,0,32,Table,
EmpEntireRecTransferLogs,0,0,10,Table,
EmpExceptionAccumulators,0,0,12,Table,
EmpExtensionOfBenefits,0,1,5,Table,
EmpExtOfBenefitsCodes,0,0,10,Table,
EmpLongTermDisability,0,1,26,Table,
Employee,37,1,85,Table,
EmployeeAuthADACode,0,0,6,Table,
EmployeeAuthByProvCertNum,0,0,8,Table,
EmployeeAuthByProvID,0,2,8,Table,
EmployeeAuthByProvTaxID,0,0,8,Table,
EmployeeAuthCategory,0,0,8,Table,
EmployeeAuthCPTHCPCSCode,0,0,6,Table,
EmployeeAuthDiagnosisCode,0,0,6,Table,
EmployeeAuthICD9ProcCode,0,0,6,Table,
EmployeeAuthorization,2,1,112,Table,
EmployeeAuthRevenueCode,0,0,6,Table,
EmployeeCMS111,0,0,84,Table,
EmployeeDenAuthCategory,0,0,6,Table,
EmployeeDentalCoverage,0,1,44,Table,
EmployeeDentalProvider,0,3,11,Table,
EmployeeEft,0,1,34,Table,
EmployeeFlexAuthorization,0,1,8,Table,
EmployeeMedicalCoverage,0,2,44,Table,
EmployeeMedicalProvider,0,3,11,Table,
EmployeeMergeLogs,0,0,9,Table,
EmployeeSecondaryCoverage,3,1,32,Table,
EmployeeTransferLogs,0,0,14,Table,
EmployeeVisionCoverage,0,1,44,Table,
EmployeeVisionProvider,0,3,11,Table,
EmpMaintenanceAddress,0,1,18,Table,
EmpMergeParamSet,0,4,15,Table,
EmpMonthlyAccumulators,0,0,17,Table,
EmpPreExiConDiagCode,0,2,8,Table,
EmpPreExiConPriorDental,0,0,6,Table,
EmpPreExiConProduct,2,1,7,Table,
EmpPreExistingConditions,1,1,5,Table,
EmpPrescriptionCoverage,0,1,44,Table,
EmpPrescriptionProvider,0,3,11,Table,
EmpProductInformationFlex,0,1,31,Table,
EmpReviewDecCodes,0,0,6,Table,
EmpSecondaryCovgDep,0,5,6,Table,
EmpShortTermDisability,0,1,26,Table,
EmpStopLossAmount,0,2,7,Table,
EmpTransParamSet,0,0,10,Table,
EnrAgeSettingAddrTypes,0,0,6,Table,
EnrAgeSettingAddtnlInfo,0,1,6,Table,
EnrAgeSettingException,0,1,6,Table,
EnrAgeSettingLetters,0,1,6,Table,
EnrAgeSettingParams,1,0,16,Table,
EnrAgeSettingParamsErr,0,0,10,Table,
EnrAgeSettings,2,0,4,Table,
EnrAutoUpdProdNetwork,0,1,11,Table,
EnrConfCalcAdjSecProd,0,0,6,Table,
Enroll834log,0,0,7,Table,
EnrollAutoUpdate,0,1,27,Table,
EnrollCfgPrimProdInfo,0,0,10,Table,
EnrollCfgSecProdInfo,0,1,7,Table,
EnrollConfigCvgLvl,0,1,8,Table,
EnrollConfiguration,5,1,171,Table,
EnrollCreditInfo,0,0,62,Table,
EnrollDepValidConfig,0,1,198,Table,
EnrollEmpValidConfig,0,1,149,Table,
EnrollFLMask,0,1,33,Table,
EnrollFLMaskIDCState,0,0,13,Table,
EnrollFLMaskSecCov,0,0,11,Table,
EnrollFullFileTermedMbrs,0,0,6,Table,
EnrollIdcardPlanList,0,1,22,Table,
EnrollIndPlanCopayExChild,0,0,6,Table,
EnrollIndPlanCopayment,0,0,14,Table,
EnrollIndPlanCopaymentExc,0,0,8,Table,
EnrollIndPlanMaximums,0,0,14,Table,
EnrollIndPlanMaximumsExc,0,0,13,Table,
EnrollMemberPCPInfo,0,0,41,Table,
Enrollment,0,0,944,Table,
EnrollmentAdjustments,0,0,8,Table,
EnrollmentBillingFactors,0,0,9,Table,
EnrollmentCMS,0,0,79,Table,
EnrollmentEx1,0,0,115,Table,
EnrollmentSCovg,0,0,741,Table,
EnrollMiscFee,0,0,9,Table,
EnrollPatMatchPtsTieEmps,0,0,6,Table,
EnrollPreExiConDiagCode,0,2,8,Table,
EnrollPreExiConPriorCovg,0,0,6,Table,
EnrollPreExiConProduct,2,0,6,Table,
EnrollRecordsMap,0,0,5,Table,
EnrollReportCategory,0,0,13,Table,
EnrollStopLossAmount,0,0,6,Table,
EnrollTranBlobBenefitPlan,0,0,7,Table,
EnrollTranslationBenefit,0,1,14,Table,
EnrollTranslationBlob,0,0,13,Table,
EnrollTranslationCovg,0,0,23,Table,
EnrollTranslationDept,0,1,12,Table,
EnrollTranslationMaster,0,0,7,Table,
EnrollUpdateEligClient,0,0,43,Table,
EnrUpdEligClientOthrProds,0,0,24,Table,
EnrUpdNumDepParams,0,0,10,Table,
EpisodePymtChkAcc,0,0,5,Table,
EpisodePymtEpisodeDetails,0,0,5,Table,
EpisodePymtParam,0,0,34,Table,
EpisodePymtPatDetails,0,0,6,Table,
EpisodePymtSelDtl,0,0,10,Table,
ErrorMessage,0,0,4,Table,
EventAudit,0,0,5,Table,
EventMaster,0,0,5,Table,
EventParameter,0,0,6,Table,
ExternalID,0,0,5,Table,
ExtServiceConfig,0,0,11,Table,
ExtServiceTxnLog,0,0,11,Table,
FacHCPCSAllwd10Record,0,0,15,Table,
FacHCPCSAllwd20Record,0,0,10,Table,
FacHCPCSAllwd3DigitZip,0,0,8,Table,
FacHCPCSAllwdAllRecords,0,0,27,Table,
FacHCPCSAllwdBelow50,0,0,22,Table,
FacHCPCSAllwdGrouping,0,0,12,Table,
FacHCPCSAllwdMasterCode,0,0,12,Table,
FacHCPCSAllwdZipArea,0,0,7,Table,
FacHCPCSCharge3DigitZip,0,0,8,Table,
FacHCPCSChrg10Record,0,0,15,Table,
FacHCPCSChrg20Record,0,0,10,Table,
FacHCPCSChrg5DigZipInfo,0,0,8,Table,
FacHCPCSChrgAllRecords,0,0,28,Table,
FacHCPCSChrgBelow50,0,0,22,Table,
FacHCPCSChrgGrouping,0,0,11,Table,
FacHCPCSChrgMasterCode,0,0,13,Table,
FacHCPCSChrgZipArea,0,0,7,Table,
Facility,7,1,99,Table,
FacilityAddress,0,1,22,Table,
FacilityContract,0,2,9,Table,
FacilityEFTInfo,0,1,35,Table,
FacilityPhyContract,0,2,9,Table,
FacilityPhySecSpec,0,1,9,Table,
FacilityPhySerSpec,0,1,4,Table,
FacilityPhysicianAffl,14,3,103,Table,
FacOIGExclusionList,0,1,7,Table,
FacPhyOIGExclusionList,0,1,7,Table,
FacPhysAddress,0,1,15,Table,
FeeRule,3,0,10,Table,
FeeRuleAnesthesia,0,1,10,Table,
FeeRuleAnesthesiaRate,0,1,5,Table,
FeeRuleGeneralProcedure,0,1,11,Table,
FeeRuleValueTableMissingRates,0,0,16,Table,
FeeRuleValueTableMR,0,0,6,Table,
FeeRuleValueTablePC,0,0,18,Table,
FHNSAInpatientAmounts,0,0,15,Table,
FHNSAInpatientZipToGeo,0,0,7,Table,
FHNSAOutpatientAmounts,0,0,13,Table,
FHNSAOutpatientZipToGeo,0,0,7,Table,
FHNSAProfessionalAmounts,0,0,13,Table,
FHNSAProfessionalZipToGeo,0,0,7,Table,
Forfeiture,0,1,10,Table,
ForfeitureParamSet,0,1,9,Table,
FractionalBilling,1,0,4,Table,
FractionalBillingCatDef,0,1,4,Table,
FSASpendingAccount,0,1,30,Table,
FTPFetch,0,0,10,Table,
FundAccountTransaction,0,0,21,Table,
GenCertNumberParams,0,0,15,Table,
GLRuleEntityMap,0,0,8,Table,
GLXWalk,0,0,10,Table,
GLXWalkSet,0,0,5,Table,
GradedCommission,0,2,8,Table,
GradedCommissionSchedules,2,0,8,Table,
GuaranteedDiscount,0,2,14,Table,
HCIBlbClintParamSet,0,1,8,Table,
HCIExlClaims,0,1,5,Table,
HcpcsGeographicFctTbl3,0,0,17,Table,
HcpcsProcedureTable4,0,0,8,Table,
HcpcsRvTbl2,0,0,10,Table,
HcpcsZipCodeTable1,0,0,11,Table,
HealthPlanDemographics,0,0,42,Table,
HIPAAAuthorization,0,0,11,Table,
HIPAAAuthPersonnel,0,0,31,Table,
HIPAAConfidentials,0,0,11,Table,
HIPAAConfiFamily,0,0,6,Table,
HIPAARestriction,0,0,10,Table,
HipaaRTConfigDefault,0,0,26,Table,
HospPrivilegeCred,0,2,11,Table,
HRASpendingAccountRules,0,1,27,Table,
ICD9_RECORD,0,0,6,Table,
ICESCrossWalk,0,0,7,Table,
ICESHistoryExce,0,0,6,Table,
ICESRuleSet,0,0,8,Table,
IDCardBlobClientSet,0,0,12,Table,
IDCardFormats,0,0,7,Table,
IDCardParameterSet,0,0,28,Table,
IDCFlatFileExtractLayout,0,0,9,Table,
IIRArea,0,0,8,Table,
IIRIcdPcs,0,0,10,Table,
IIRRevCd,0,0,10,Table,
IIRStatTot,0,0,26,Table,
IIRUSStatTot,0,0,26,Table,
IIRZip,0,0,8,Table,
ImportCategoryDefErrors,0,0,9,Table,
InboundClaimSetting,0,0,11,Table,
InboundFTPDetails,0,0,6,Table,
InboundFTPParamset,0,0,11,Table,
InboundPBMDrugInfo,0,0,10,Table,
InboundPBMMiscClaim,0,0,30,Table,
InboundPBMMiscServLine,0,0,25,Table,
InboundPBMPharmacyInfo,0,0,14,Table,
IncludeExcludeBlobClient,0,0,9,Table,
IndividualBillingRate,0,0,20,Table,
IndPlanCopayExcChildDmy,0,0,4,Table,
IndPlanCopayment,0,0,13,Table,
IndPlanCopaymentDmy,0,0,14,Table,
IndPlanCopaymentExc,0,0,9,Table,
IndPlanCopaymentExcChild,0,0,4,Table,
IndPlanCopaymentExcDmy,0,0,10,Table,
IndPlanMaximums,0,0,13,Table,
IndPlanMaximumsDmy,0,0,14,Table,
IndPlanMaximumsExc,0,0,13,Table,
IndPlanMaximumsExcDmy,0,0,14,Table,
IngnxAnesthesiaCswk,0,0,7,Table,
IngnxCptIcd9Relationship,0,0,9,Table,
IngnxDiagnosisEdit,0,0,12,Table,
IngnxGrouperEdit,0,0,8,Table,
IngnxHcfarvuEdit,0,0,5,Table,
IngnxIcd9Description,0,0,8,Table,
IngnxModifier26POS,0,0,6,Table,
IngnxModifierEdit,0,0,7,Table,
IngnxProcedureDescription,0,0,8,Table,
IngnxProcedureEdit,0,0,13,Table,
IngnxProcedurePOS,0,0,7,Table,
IngnxRebundleEdit,0,0,7,Table,
IngnxTransferEdit,0,0,6,Table,
IngnxUnbundleEdit,0,0,11,Table,
InPatCPT,0,0,8,Table,
InPatDenADA,0,0,8,Table,
InPatDRG,0,0,8,Table,
InPatDRGFct,0,0,17,Table,
InPatDRGFct11,0,0,17,Table,
InPatDRGRVS,0,0,10,Table,
InPatDRGXFct,0,0,17,Table,
InPatDRGZip,0,0,11,Table,
InputFields,0,0,16,Table,
InputFileTypes,0,0,13,Table,
InsurerSettings,1,0,127,Table,
IntProviderManualClaims,0,1,9,Table,
JmpUser,1,0,5,Table,
JmpUserAffiliation,0,1,13,Table,
JobParamDetailsMap,0,0,8,Table,
JobTableName,0,0,5,Table,
JQSClaimFlowParamSet,0,0,5,Table,
JQSClaimFlowParamSetQueue,0,0,5,Table,
JQSDeleteFlowBatchNumber,0,0,5,Table,
JQSDeleteWorkItemParamSet,0,0,6,Table,
JQSEventIncExcQueue,0,0,5,Table,
JQSEventRule,0,0,7,Table,
JQSFlow,0,0,5,Table,
JQSHistory,0,0,13,Table,
JQSKeywordXlate,0,0,10,Table,
JQSQueue,0,0,15,Table,
JQSQueueRoles,0,0,6,Table,
JQSQueueStats,0,0,6,Table,
JQSQueueUsers,0,0,6,Table,
JQSReportGrp,0,0,5,Table,
JQSReportGrpQueue,0,0,5,Table,
JQSRevalParamQueueList,0,0,4,Table,
JQSRevalParamSet,0,0,7,Table,
JQSRule,0,0,9,Table,
JQSRuleSet,0,0,7,Table,
JQSUserAllQueue,0,0,5,Table,
JQSUserRoleAllQueue,0,0,5,Table,
JQSWorkItem,0,0,17,Table,
JVClipBoard,0,0,6,Table,
JvConfig,0,0,8,Table,
JvDatabaseRelationship,0,0,7,Table,
jvdatadictionary,0,0,11,Table,
JvDataDictionaryDbXref,0,0,5,Table,
jvdatadictionarylookup,0,0,6,Table,
jvdatadictionaryregexp,0,0,4,Table,
jvdatadictionaryvalues,0,0,5,Table,
JvDbReleaseNote,0,0,10,Table,
JVEditsHistoryRuleset,0,0,7,Table,
JVEditsHistoryRulesetExc,0,0,6,Table,
JvEvent,0,0,5,Table,
JvEventNotifyn,0,0,13,Table,
JvEventTxn,0,0,7,Table,
JVExcepCodes,0,0,11,Table,
JvProcessFlow,0,0,8,Table,
JvPurge,0,0,6,Table,
JvRelConfig,0,0,7,Table,
JvReleaseNote,0,0,12,Table,
JvReleaseNoteTS,0,0,6,Table,
JvReleases,0,0,5,Table,
JvRelEnv,0,0,8,Table,
JvRelHighlights,0,0,6,Table,
JVSrvlnExcepCodes,0,0,8,Table,
JvUser,3,0,39,Table,
JvUserTransaction,0,0,5,Table,
LatePymtPnltyST,0,0,8,Table,
LatePymtPnltySTIntDts,0,0,26,Table,
LetterRequest,0,1,56,Table,
LetterRequestServLines,0,0,4,Table,
LFSACategoryExceptions,0,1,4,Table,
LFSASpendingAccount,1,1,38,Table,
LicenseCred,0,2,28,Table,
LockboxCrossReference,0,1,9,Table,
Lockout,0,0,11,Table,
LoginMonitoring,1,0,8,Table,
Maintain1099,0,0,59,Table,
MaintainAmountsByAgeRange,0,8,33,Table,
MaintainAssociatedFees,0,8,59,Table,
MaintainBillingControls,0,1,28,Table,
MaintainBillingRates,40,0,12,Table,
Maintenance1099,2,0,17,Table,
Maintenance1099Address,0,1,12,Table,
ManualCheckParamSet,0,0,19,Table,
ManualCheckRequester,8,2,20,Table,
ManualChkRqstDetailAmt,0,8,13,Table,
MassIDCardFlag,2,0,25,Table,
MassIdCardStatCodeDep,0,1,5,Table,
MassIdCardStatCodeEmp,0,1,5,Table,
MaxRefundAmount,0,1,7,Table,
McKessonRuleSet,0,0,19,Table,
MedcoAccumsExtract,0,0,7,Table,
MedcoAccumsExtractPlan,0,0,8,Table,
MedcoAccumsResponse,0,0,22,Table,
MedcoAccumsStaging,0,0,11,Table,
MedcoSLStaging,0,0,22,Table,
MedFreqTbl5Allowed,0,0,8,Table,
MedicalAncillaryTable6,0,0,8,Table,
MedicalFrequencyTable5,0,0,8,Table,
MedicalGeoFctTbl3,0,0,17,Table,
MedicalGeoFctTbl3Allowed,0,0,17,Table,
MedicalProcedureCodeTbl4,0,0,8,Table,
MedicalRvTbl2,0,0,10,Table,
MedicalRvTbl2Allowed,0,0,10,Table,
MedicalZipCodeTable1,0,0,11,Table,
MedProcCodeTbl4Allowed,0,0,8,Table,
MedZipCodeTbl1Allowed,0,0,11,Table,
MemberChanges,0,2,52,Table,
MemberGapCertNum,0,0,10,Table,
MemberPsiMedica,0,1,8,Table,
MergeStatusTracker,0,0,12,Table,
MesaActuateReportJobs,0,0,10,Table,
MesaActuateReports,0,0,16,Table,
MesaActuateUserInfo,0,0,5,Table,
Message,0,0,10,Table,
MGFCarLocXwalk,0,0,11,Table,
MGFInfo,0,0,10,Table,
MGFPrice,0,0,15,Table,
MGFSource,0,0,9,Table,
MGFZiptoLocXwalk,0,0,10,Table,
MIPSRuleSet,0,0,13,Table,
MiscellaneousFees,0,2,25,Table,
MiscFieldPlacement1099,0,0,22,Table,
MisDirectUtilityParam,0,0,7,Table,
MisDirectUtilityReport,0,0,15,Table,
MLREligRuleSet,0,0,31,Table,
ModuleNames,0,0,5,Table,
MRFAllowedAmtStaging,0,2,20,Table,
MRFExcIncRecord,0,1,7,Table,
MRFParamBenefitPlans,0,1,4,Table,
MRFParamBlobClient,0,1,8,Table,
MRFParameterSet,4,0,17,Table,
MRFProcessedFiles,0,1,6,Table,
MRFProcessHdr,3,2,11,Table,
MRFProcessLog,0,1,6,Table,
MRFProcessRpt,0,1,17,Table,
MultiEmployerGHP,0,0,17,Table,
MultipleBillingRate,0,8,35,Table,
NBDaysCalendar,0,0,9,Table,
NcpdpPalClaim,0,1,7,Table,
NegBlbCltLocRange,0,0,6,Table,
NegotiatorBenefitCode,0,0,5,Table,
NegotiatorBlobClient,0,0,7,Table,
NegotiatorCPGCode,0,0,5,Table,
NegotiatorFacilityType,0,0,5,Table,
NegotiatorPhysOrFacility,0,0,5,Table,
NegotiatorPlaceofService,0,0,5,Table,
NegotiatorSpecialty,0,0,5,Table,
NegotiatorState,0,0,5,Table,
NegRuleSet,0,0,20,Table,
Network,10,0,72,Table,
NetworkAddress,0,1,13,Table,
NetworkAffiliations,3,3,41,Table,
NetworkAfflBenPlan,0,1,4,Table,
NetworkAfflCallGroup,0,2,4,Table,
NetworkAfflExcl,0,2,7,Table,
NetworkPricingMethod,0,1,26,Table,
Notes,0,0,16,Table,
NumberFormats,0,0,4,Table,
ObraInboundFiles,0,1,5,Table,
ObraParameterSet,2,1,28,Table,
ObraParamSetClaimNbrs,0,1,6,Table,
OBRARepricedDetails,0,2,6,Table,
OtherEntity,2,0,27,Table,
OtherEntityAddress,0,1,13,Table,
OtherEntityEFT,0,1,36,Table,
OutboundAccumSetting,0,0,20,Table,
OutOfNetPriAppPri,0,1,6,Table,
OutOfNetPriBusRules,0,1,25,Table,
OutOfNetPriPlanRules,1,1,15,Table,
OutOfNetworkPenaltyOptCD,0,1,6,Table,
OutOfNtrkPenOptRules,1,1,23,Table,
OutOfPocketCalculation,0,1,8,Table,
OutOfPocketLevels,0,0,13,Table,
OutpatCswkTbl5Allowed,0,0,9,Table,
OutpatGeoFctTbl3Allowed,0,0,17,Table,
OutpatIcd9ProcAllowed,0,0,7,Table,
OutpatientCswkTbl5,0,0,9,Table,
OutpatientGeoFctTbl3,0,0,17,Table,
OutpatientIcd9ProcTbl6,0,0,7,Table,
OutpatientProcDescTbl4,0,0,8,Table,
OutpatientRvTbl2,0,0,11,Table,
OutpatientRvTbl2Allowed,0,0,11,Table,
OutpatientZipCodeTbl1,0,0,11,Table,
OutpatProcDescAllowed,0,0,8,Table,
OutpatZipCodeTbl1Allowed,0,0,11,Table,
OutputFields,0,0,7,Table,
OutputFileTypes,0,0,11,Table,
PalmettoModifierCodes,0,0,6,Table,
PalmettoPlaceOfService,0,0,6,Table,
PalmettoProcedureCodes,0,0,6,Table,
PalmettoSpecialtyCodes,0,0,6,Table,
Parameter1099TaxIdUpd,0,0,8,Table,
ParameterBlkClientLoc,0,2,7,Table,
ParameterParentRec,0,1,7,Table,
PatAddress,0,2,15,Table,
PatAuthorization,0,1,83,Table,
PatCoverage,0,1,43,Table,
PatCovProvider,0,3,8,Table,
PatEligCov,0,2,29,Table,
PatExtOfBen,2,2,5,Table,
PatExtOfBenCodes,0,2,10,Table,
PatFlexAuth,0,1,9,Table,
PatientCMSChangeHistory,0,0,10,Table,
PatMaintenance,0,1,70,Table,
PatPreExCond,2,2,6,Table,
PatPreExCondDiagCode,0,3,9,Table,
PatPreExCondProd,3,2,8,Table,
PatPreExiConPriorDental,0,0,6,Table,
Payment,0,1,10,Table,
PaymentCalculation,0,1,7,Table,
PaymentDetails,0,1,49,Table,
PaymentHierarchy,0,1,10,Table,
PaymentsRateDefinition,0,1,22,Table,
PBBaseNetworkAssignmentOn,8,0,5,Table,
PBCategoryDefinition,0,0,7,Table,
PBCity,0,1,6,Table,
PBCoPaymentMaster,0,0,10,Table,
PBCounty,0,1,6,Table,
PBCPTHCPC,0,0,4,Table,
PBDepartment,0,1,5,Table,
PBDRGCode,0,0,4,Table,
PBEligibilityCreditRules,1,1,6,Table,
PBExemptPlans,0,1,5,Table,
PBExport,0,0,7,Table,
PBFacilityType,0,0,5,Table,
PBHierarchy,0,1,5,Table,
PBHIPPASerCodeCrossRef,0,0,4,Table,
PBICD9ProcedureCode,0,0,4,Table,
PBICDDiagnosisCode,0,0,7,Table,
PBImportErrors,0,0,7,Table,
PBImports,0,0,13,Table,
PBIndFacLabRadPlanRules,0,0,18,Table,
PBInExOptions,0,0,9,Table,
PBInPatConfPlanRules,0,0,20,Table,
PBLocation,0,1,5,Table,
PBNationalProviderID,0,0,4,Table,
PBNetwBlindNetwState,0,0,7,Table,
PBNetworkChoice,0,1,5,Table,
PBNetworkMaster,0,1,71,Table,
PBNetworks,0,0,6,Table,
PBOfficeVisitPlanRules,0,0,20,Table,
PBPostalCode,0,1,6,Table,
PBProviderDegree,0,0,5,Table,
PBProviderID,0,0,4,Table,
PBProviderSpecialty,0,0,6,Table,
PBProviderTaxID,0,0,5,Table,
PBRevenueCode,0,0,4,Table,
PBRollOverCatDef,0,1,7,Table,
PBRollOverRules,1,1,19,Table,
PBRxDCMrktSeg,0,1,5,Table,
PBRxDCState,0,1,5,Table,
PBSerCodeCrossRefPlans,0,0,6,Table,
PBSerCodeRefSelections,0,0,8,Table,
PBStateSt,0,1,6,Table,
PCTClaim,0,0,8,Table,
PDFReportAuditTrail,0,0,4,Table,
PECBusRules,1,1,13,Table,
PECDiagnosisCodes,0,1,6,Table,
PendReasonCodeInRole,0,0,4,Table,
PerSavPS,0,0,33,Table,
PerSavPSBatchNumber,0,0,5,Table,
PerSavPSBenefitCode,0,0,4,Table,
PerSavPSBlobNClient,0,0,5,Table,
PerSavPSClaimNumber,0,0,5,Table,
PerSavPSDiagnosisCode,0,0,5,Table,
PerSavPSNetwork,0,0,4,Table,
PerSavPSProcessor,0,0,4,Table,
PhcsAneAreas,0,0,7,Table,
PhcsAneMasterCode,0,0,13,Table,
PhcsAneStat20s,0,0,10,Table,
PhcsAneStat30s,0,0,27,Table,
PhcsAneThreeDigitZip,0,0,9,Table,
PhcsDntAreas,0,0,7,Table,
PhcsDntAreasAllowed,0,0,7,Table,
PhcsDntMasterCode,0,0,13,Table,
PhcsDntMasterCodeAllowed,0,0,13,Table,
PhcsDntStat20s,0,0,10,Table,
PhcsDntStat20sAllowed,0,0,10,Table,
PhcsDntStat30s,0,0,27,Table,
PhcsDntStat30sAllowed,0,0,27,Table,
PhcsDntThreeDigitZip,0,0,9,Table,
PhcsDntZipAllowed,0,0,9,Table,
PhcsHpAreas,0,0,7,Table,
PhcsHpAreasAllowed,0,0,7,Table,
PhcsHpMasterCode,0,0,13,Table,
PhcsHpMasterCodeAllowed,0,0,13,Table,
PhcsHpStat20s,0,0,10,Table,
PhcsHpStat20sAllowed,0,0,10,Table,
PhcsHpStat30s,0,0,27,Table,
PhcsHpStat30sAllowed,0,0,27,Table,
PhcsHpThreeDigitZip,0,0,9,Table,
PhcsHpZipAllowed,0,0,9,Table,
PhcsMedAreas,0,0,7,Table,
PhcsMedMasterCode,0,0,13,Table,
PhcsMedStat20s,0,0,10,Table,
PhcsMedStat30s,0,0,27,Table,
PhcsMedThreeDigitZip,0,0,9,Table,
PhcsRbThreeDigitZip,0,0,9,Table,
PhcsRdbMasterCode,0,0,13,Table,
PhcsSrglAreas,0,0,7,Table,
PhcsSrglMasterCode,0,0,13,Table,
PhcsSrglStat20s,0,0,10,Table,
PhcsSrglStat30s,0,0,27,Table,
PhcsSrglThreeDigitZip,0,0,9,Table,
PhyOIGExclusionList,0,1,7,Table,
Physician,6,0,62,Table,
PhysicianDegree,0,1,4,Table,
PhysicianLanguage,0,1,4,Table,
PlanBuildingMaster,38,0,40,Table,
PMCSOptionsExclBenefitCodes,0,0,5,Table,
PMCSPHXRuleSet,0,0,18,Table,
PMCSRuleSet,0,0,19,Table,
POSAppliedClaims,0,0,4,Table,
PostalCodes,0,1,14,Table,
PostedCashCoverage,0,0,61,Table,
PostedCredits,0,0,10,Table,
PostInputCode,0,0,5,Table,
PreCertCategoryDef,0,1,5,Table,
PreCertExcludeModifier,0,1,4,Table,
PreCertification,2,1,55,Table,
PremiumBillingMethod,0,1,17,Table,
PremiumBillParamSet,0,0,37,Table,
PricingC1DRGTable,0,1,7,Table,
PricingC1VarPerDiem,0,1,8,Table,
PricingC2DRGTable,0,1,7,Table,
PricingC2VarPerDiem,0,1,8,Table,
PricingCategoryAnd,0,1,8,Table,
PricingCategoryOR,0,1,8,Table,
PricingDefinitions,0,1,13,Table,
PricingDRGTable,0,1,7,Table,
PricingImport,0,0,10,Table,
PricingImportValErrors,0,0,9,Table,
PricingLogicRuleDef,0,0,9,Table,
PricingLogicRuleSet,0,0,11,Table,
PricingLogicTable,0,0,7,Table,
PricingMultSurgeries,0,1,8,Table,
PricingOutlier,0,1,9,Table,
PricingRuleDesc,0,1,122,Table,
PricingSLCalcChoices,0,1,13,Table,
PricingSLGORepriced,0,1,11,Table,
PricingSLHighDollar,0,1,11,Table,
PricingSLLORepriced,0,1,11,Table,
PricingSLRepriAmt,0,1,11,Table,
PricingVarPerDiem,0,1,8,Table,
PrimumBillsLogFileName,0,0,7,Table,
Printer,0,0,5,Table,
PrinterDesc,0,0,5,Table,
PrivilegesIncludeExclude,0,1,10,Table,
ProcessorQuestions,0,2,14,Table,
ProductCodeDescription,0,0,5,Table,
ProductPECDiagnosisCodes,0,0,6,Table,
ProperCaseEntityList,0,0,8,Table,
ProperCaseEntityRuleMapper,0,0,9,Table,
ProperCaseRules,0,0,10,Table,
ProvActivityTracker,0,0,17,Table,
ProvCertCredentials,0,1,8,Table,
ProvEduCredentials,0,1,8,Table,
ProvHosCredentials,0,1,8,Table,
Provider,8,1,78,Table,
ProviderAddress,0,1,14,Table,
ProviderCallGroup,0,1,7,Table,
ProviderChanges,0,0,51,Table,
ProviderEft,0,0,33,Table,
ProviderIDBackUp,0,0,4,Table,
ProviderNetworkCallGroup,0,2,6,Table,
ProviderPurge,0,0,5,Table,
ProviderWithhold,2,0,13,Table,
ProviderWithholdRange,0,1,9,Table,
ProviderWithholdRangeExclude,0,1,9,Table,
ProvLicCredentials,0,1,8,Table,
ProvMIPSAdjustment,0,0,10,Table,
ProvNetworkAffiliation,0,2,28,Table,
ProvPaperlessEOB,0,0,8,Table,
ProvSecSplty,0,1,6,Table,
PsiMedExtParamSet,0,1,17,Table,
PublicEncryptionKeys,0,0,7,Table,
PublishBillToWebParamSet,0,0,19,Table,
QRTZ_BLOB_TRIGGERS,0,0,4,Table,
QRTZ_CALENDARS,0,0,3,Table,
QRTZ_CRON_TRIGGERS,0,3,5,Table,
QRTZ_FIRED_TRIGGERS,0,0,13,Table,
QRTZ_JOB_DETAILS,3,0,10,Table,
QRTZ_LOCKS,0,0,2,Table,
QRTZ_PAUSED_TRIGGER_GRPS,0,0,2,Table,
QRTZ_SCHEDULER_STATE,0,0,4,Table,
QRTZ_SIMPLE_TRIGGERS,0,3,6,Table,
QRTZ_SIMPROP_TRIGGERS,0,0,14,Table,
QRTZ_TRIGGERS,6,3,16,Table,
QuickAuditNetworkParam,0,1,6,Table,
QuickAuditParamSet,1,0,25,Table,
QuickAuditUserLvlVals,0,0,7,Table,
RACOutCodes,0,1,18,Table,
RACTransInCodes,0,1,8,Table,
RACTransOutCodes,0,1,11,Table,
RateDefinitionSection,0,1,6,Table,
RbrvsMedCswkTbl1,0,0,10,Table,
RbrvsMedCswkTbl7,0,0,10,Table,
RbrvsMedCswkTbl9,0,0,11,Table,
RbrvsMedFctTbl5,0,0,7,Table,
RbrvsMedGpciTbl3,0,0,11,Table,
RbrvsMedProcTbl4,0,0,7,Table,
RbrvsMedRvTbl2,0,0,15,Table,
RbrvsMedRvTbl6,0,0,17,Table,
RbrvsMedRvTbl8,0,0,21,Table,
RealtimeTransInfo,0,0,17,Table,
RebuildParamSet,0,0,21,Table,
RebuildPreview,0,0,9,Table,
RefundUnAppliedAmount,0,2,17,Table,
RegistrationDataCMS,0,0,20,Table,
ReInsAdjudicationResult,0,0,63,Table,
ReInsAggrAccum,0,0,17,Table,
ReInsAggrTrackerTxn,0,0,21,Table,
ReInsClaimIneligible,0,0,12,Table,
ReinsSubProcessDtl,0,0,9,Table,
ReInsTrackerTxn,0,0,35,Table,
ReleaseClaimIncExc,0,0,7,Table,
Reminders,1,0,20,Table,
RemindersUsers,0,1,6,Table,
Report1099TaxIdUpd,0,0,8,Table,
ReportEngineConfig,0,0,12,Table,
ReportForms,0,0,7,Table,
ReportGroups,0,0,7,Table,
ReportsInformation,0,0,20,Table,
RestTransactionStats,0,0,14,Table,
RNBDaysCalendar,0,0,10,Table,
Role,1,0,41,Table,
Rollover,0,1,11,Table,
RollOverErrorLogs,0,0,12,Table,
RolloverParamSet,0,1,9,Table,
RollOverUtility,0,0,14,Table,
RollOverUtilityPlans,0,0,5,Table,
RowMap,0,0,9,Table,
RTPBMOutboundAccums,0,0,38,Table,
RTPBMTest,0,0,4,Table,
RxDCCrosswalk,0,0,11,Table,
RXDCSpendingCategory,0,0,5,Table,
ScanEntityKeys,0,0,7,Table,
ScanImageCrossRef,0,0,53,Table,
ScanImageType,0,0,8,Table,
ScanNotify,0,0,7,Table,
ScanSystemConfig,0,0,14,Table,
ScanSystemImage,0,0,10,Table,
ScanTransferData,0,0,6,Table,
ScheduleHistory,0,0,21,Table,
SchedulerJobFilters,0,0,13,Table,
SchedulerJobPermission,0,0,8,Table,
SchedulerJobs,0,0,18,Table,
schema_version,0,0,4,Table,
SecCoverageErrorRecord,0,1,7,Table,
SecondaryProduct,1,0,6,Table,
seed_version,0,0,6,Table,
service_line,2,1,412,Table,
ServiceLineAdjInfo,0,0,114,Table,
ServiceLineGrouping,0,0,20,Table,
ServLineStory,0,0,55,Table,
SIEStatusReport,0,1,11,Table,
SignaturePartyInfo,0,1,15,Table,
SingleBillingRate,8,8,24,Table,
SingleRateAgeAmount,0,8,15,Table,
Site,0,0,19,Table,
SlctdAggSLCtrList,0,2,6,Table,
SpaRolloverError,0,0,10,Table,
SpecContractSubClaimExt,0,0,288,Table,
SpecContractSubmission,0,0,8,Table,
SpecContrSubAdjRes,0,0,445,Table,
SpecContrSubAdjResAuth,0,1,10,Table,
SpecContrSubAdjResSLines,0,1,231,Table,
SpecContrSubmissionGroup,0,0,11,Table,
SpecContrSubServLine,0,0,414,Table,
SpecContSubAdjResAltPayee,0,0,15,Table,
SpecContSubClaim,2,0,1015,Table,
SpecEncntAmtCat,0,2,5,Table,
SpecificStopLossContract,22,3,69,Table,
SpecificStopLossReport,0,1,21,Table,
SpecNetworkCodes,0,3,6,Table,
SpecSplitClmExcNetwork,0,3,5,Table,
SpecSplitClmExcTaxId,0,2,5,Table,
SpecStopLossAdvFundCat,0,2,5,Table,
SpecStopLossProducts,0,2,6,Table,
SpecStopLossStatCodeDep,0,2,6,Table,
SpecStopLossStatCodeEmp,0,2,6,Table,
SpecTrigDiagCat,0,2,6,Table,
SpendAccntContributn,0,1,27,Table,
SpendingAccount,0,0,7,Table,
SpendingAccountSummary,0,1,18,Table,
SpendingAccumulators,0,0,12,Table,
SPMPMessage,0,1,5,Table,
SrcatgryPenaltyDef,0,1,8,Table,
SrcCatAlternateDef,0,1,8,Table,
SrcCatgryDefn,0,1,17,Table,
SrcClaimReportTaxBenefitCode,0,0,14,Table,
SrcCRMatrix,0,0,93,Table,
SrcEligStatusCode,0,1,8,Table,
SrcExmptAltBenefitPlans,0,1,5,Table,
SrcExmptAltClients,0,1,5,Table,
SrcExmptBenefitPlans,0,1,6,Table,
SrcExmptClients,0,1,6,Table,
SrcExmptGMEBenefitPlans,0,1,5,Table,
SrcExmptPenBenefitPlans,0,1,5,Table,
SrcExmptPenClients,0,1,5,Table,
SrcGMEMaster,0,0,5,Table,
SrcGMEReport,0,0,21,Table,
SrcNMYExmptBenefitPlans,0,1,6,Table,
SrcNMYExmptClients,0,1,6,Table,
SrcReportClaimPool,0,0,23,Table,
Srcretroclaims,0,0,7,Table,
SrcTaxSetupMaster,15,0,43,Table,
StatAndAcdc30s,0,0,26,Table,
State,0,1,6,Table,
StateBillingFactor,14,0,12,Table,
StateBillingFactorsMultpl,0,7,18,Table,
StateBillingFactorsSingle,0,7,12,Table,
StopLossAccumulators,0,2,31,Table,
StopLossCalcChoices,0,0,6,Table,
StopLossClaimHistory,0,0,10,Table,
StopLossIneligAccum,0,2,16,Table,
StopLossRptDtl,0,0,13,Table,
StopLossRptSelDtl,0,0,10,Table,
SubClaimNumberCounter,0,0,4,Table,
SubRulbyEligClmamt,0,1,10,Table,
SubstRuleByCat,0,1,12,Table,
SubstRulesDeniedResn,0,0,9,Table,
SupplementEditRules,0,0,8,Table,
SupplementEditRuleSet,0,0,11,Table,
SurchargeParameterSet,2,0,46,Table,
SurchargeTaxNYCatDef,0,1,7,Table,
SurchargeTaxOtherCatDef,0,1,5,Table,
SureHitAuditTrail,0,0,11,Table,
SysBackgroundColor,0,0,7,Table,
SysImagesAndLogos,0,0,11,Table,
SysPreferMaintenance,0,0,52,Table,
SystemLevelPMCSOptions,0,0,10,Table,
table_sync_last_txn,0,0,2,Table,
TaskTypeDependancy,0,0,5,Table,
TaxIDActivityTracker,0,0,14,Table,
TeleHlthChrg10Record,0,0,15,Table,
TeleHlthChrg20Record,0,0,10,Table,
TeleHlthChrg3DigitZip,0,0,8,Table,
TeleHlthChrg5DigitZip,0,0,8,Table,
TeleHlthChrgAllRecords,0,0,28,Table,
TeleHlthChrgBelow50,0,0,22,Table,
TeleHlthChrgMasterCode,0,0,13,Table,
TeleHlthChrgZipArea,0,0,7,Table,
TestBillHistoryCoverage,0,0,72,Table,
TestBillHistoryCovgSumm,0,0,72,Table,
TestBillHistorySummary,0,0,67,Table,
TFBSpendingAccount,0,1,17,Table,
TimeFormats,0,0,4,Table,
TimelyFiling,0,1,9,Table,
TimeZoneTable,0,0,5,Table,
TNCMLRClaimTypes,0,1,8,Table,
ToothChartMaintenance,0,0,20,Table,
TrackChangesForProdRpt,0,0,44,Table,
TransactionCodes,0,0,4,Table,
TransportServiceCodes,0,0,4,Table,
UnappliedAmount,0,1,8,Table,
UnappliedPaymentsParamSet,0,0,14,Table,
UniqJvmJob,0,0,8,Table,
UnpendClaimIncExc,0,0,7,Table,
UnpostedBillCredit,0,0,35,Table,
UploadDocument,0,0,4,Table,
UrgentCareCharge10Record,0,0,15,Table,
UrgntCareChrg10Record,0,0,15,Table,
UrgntCareChrg20Record,0,0,10,Table,
UrgntCareChrg3DigitZip,0,0,8,Table,
UrgntCareChrg5DigZipInfo,0,0,8,Table,
UrgntCareChrgAllRecords,0,0,28,Table,
UrgntCareChrgGeoLevelInd,0,0,10,Table,
UrgntCareChrgMasterCode,0,0,13,Table,
UrgntCareChrgZipArea,0,0,7,Table,
UserDefinedAlerts,0,0,13,Table,
UserDefinedLabel,0,0,5,Table,
UserDefinedModuleAlerts,0,0,5,Table,
UserFunctions,0,0,3,Table,
UserIncExcClient,0,3,5,Table,
UserRoleMaping,0,0,6,Table,
UserRoles,0,0,12,Table,
UserRqstNActionMap,0,0,5,Table,
UserSrchRecordsPerPage,0,0,5,Table,
UtilityErrorLogs,0,0,12,Table,
Validations,0,0,7,Table,
VendorInfo,6,0,43,Table,
VendorMaster,0,0,6,Table,
VolCtrlUpdateParam,4,1,10,Table,
VolCtrlUpdtParamSpecific,0,2,7,Table,
VolumeControlRecord,1,0,15,Table,
VolumeCtrlRpt,0,0,18,Table,
Voucher,0,0,8,Table,
Zip5up,0,0,8,Table,
